signal_name,p0_item,source_component,dashboard_panel,widget_key,refresh_cadence,staleness_threshold,alert_threshold,owner,kill_switch_name,rollback_action,enabled
availability_refresh_status,P0.1,availability_worker,Availability,availability.refresh.status,10m,30m,status=failed|stale,IP Ops,ENABLE_AVAILABILITY_REFRESH,Disable worker and keep known-good availability by TTL,true
availability_refresh_lag_minutes,P0.1,availability_worker,Availability,availability.refresh.lag_minutes,10m,30m,>30,IP Ops,ENABLE_AVAILABILITY_REFRESH,Disable worker and keep known-good availability by TTL,true
worker_heartbeat_status,P0.2,worker_runtime,Worker Health,worker.heartbeat.status,1m,5m,missed > 2 intervals,SRE,ENABLE_WORKER_RUNTIME,Stop recurring workers and serve stale-known-good,true
last_heartbeat_at,P0.2,worker_runtime,Worker Health,worker.heartbeat.last_seen,1m,5m,older than 5m,SRE,ENABLE_WORKER_RUNTIME,Stop recurring workers and serve stale-known-good,true
epg_freshness_age_hours,P0.3,epg_import_worker,EPG Health,epg.freshness.age_hours,30m,6h,>6h,Content Ops,ENABLE_EPG_IMPORT,Freeze new EPG materialization and serve prior cache,true
epg_join_validation_status,P0.3,epg_validation_gate,EPG Health,epg.join.validation.status,post-import,6h,status=fail,Content Ops,ENABLE_EPG_JOIN_GATE,Block downstream now/next materialization,true
cache_stale_serving_status,P0.4,cache_reader,Cache Health,cache.served_from,request_agg_5m,screen-specific,empty or stale spike,API Ops,ENABLE_ASYNC_CACHE_REFRESH,Force serving existing valid snapshot,true
cache_stale_ratio,P0.4,cache_reader,Cache Health,cache.stale_ratio.by_screen,5m,screen-specific,above configured threshold,API Ops,ENABLE_ASYNC_CACHE_REFRESH,Force serving existing valid snapshot,true
quality_gate_result,P0.5,db_quality_gate,Quality Gates,quality.gate.result,on-deploy/daily,24h,status=fail,Content Ops,ENABLE_DB_QUALITY_GATE_AUTOMATION,Freeze automated repair steps,true
duplicate_ratio,P0.5,db_quality_gate,Quality Gates,quality.duplicate_ratio.by_screen,on-deploy/daily,24h,>0.05,Content Ops,ENABLE_DB_QUALITY_GATE_AUTOMATION,Freeze automated repair steps,true
blank_key_ratio,P0.5,db_quality_gate,Quality Gates,quality.blank_key_ratio.by_screen,on-deploy/daily,24h,>0.01,Content Ops,ENABLE_DB_QUALITY_GATE_AUTOMATION,Freeze automated repair steps,true
filter_diversity_score,P0.5,db_quality_gate,Quality Gates,quality.filter_diversity_score.by_screen,on-deploy/daily,24h,below configured minimum,Content Ops,ENABLE_DB_QUALITY_GATE_AUTOMATION,Freeze automated repair steps,true
materialization_queue_oldest_age_minutes,P0.6,materialization_queue_worker,Materialization,materialization.queue.oldest_age_minutes,5m,defined SLA,above SLA,Content Ops,ENABLE_MATERIALIZATION_CONSUMERS,Pause consumers and retain queue,true
materialization_dead_letter_count,P0.6,materialization_queue_worker,Materialization,materialization.queue.dead_letter_count,5m,,above threshold,Content Ops,ENABLE_MATERIALIZATION_CONSUMERS,Pause consumers and retain queue,true
materialization_requeue_rate,P0.6,materialization_queue_worker,Materialization,materialization.queue.requeue_rate,15m,,spike above baseline,Content Ops,ENABLE_MATERIALIZATION_CONSUMERS,Pause consumers and retain queue,true
playback_preflight_outcome,P0.7,playback_resolver,Playback Diagnostics,playback.preflight.outcome,event_agg_15m,,error spike,SRE,ENABLE_PLAYBACK_ATTRIBUTION,Disable attribution writer only,true
attribution_coverage_percent,P0.7,playback_resolver,Playback Diagnostics,playback.attribution.coverage_percent,15m,,<95,SRE,ENABLE_PLAYBACK_ATTRIBUTION,Disable attribution writer only,true
materialization_queue_pending_count,P0.6,materialization_queue_worker,Materialization,materialization.queue.pending_count,5m,defined SLA,above baseline,Content Ops,ENABLE_MATERIALIZATION_CONSUMERS,Pause consumers and retain queue,true
materialization_queue_processing_count,P0.6,materialization_queue_worker,Materialization,materialization.queue.processing_count,5m,defined SLA,stale processing rows,Content Ops,ENABLE_MATERIALIZATION_CONSUMERS,Pause consumers and retain queue,true
materialization_queue_failed_count,P0.6,materialization_queue_worker,Materialization,materialization.queue.failed_count,5m,,above threshold,Content Ops,ENABLE_MATERIALIZATION_CONSUMERS,Pause consumers and retain queue,true
materialization_queue_recent_completed_count,P0.6,materialization_queue_worker,Materialization,materialization.queue.recent_completed_count,5m,,below expected baseline,Content Ops,ENABLE_MATERIALIZATION_CONSUMERS,Pause consumers and retain queue,true
materialization_series_port_900_pending_count,P0.6,materialization_queue_worker,Materialization,materialization.series_port_900.pending_count,5m,defined SLA,above threshold,Content Ops,ENABLE_MATERIALIZATION_CONSUMERS,Pause consumers and retain queue,true
materialization_series_port_900_needs_manual_match_count,P0.6,materialization_queue_worker,Materialization,materialization.series_port_900.needs_manual_match_count,5m,,>0,Content Ops,ENABLE_MATERIALIZATION_CONSUMERS,Pause consumers and retain queue,true
materialization_series_port_900_failed_count,P0.6,materialization_queue_worker,Materialization,materialization.series_port_900.failed_count,5m,,>0,Content Ops,ENABLE_MATERIALIZATION_CONSUMERS,Pause consumers and retain queue,true
materialization_episode_lookup_missing_pending_count,P0.6,materialization_queue_worker,Materialization,materialization.episode_lookup_missing.pending_count,5m,defined SLA,above threshold,Content Ops,ENABLE_MATERIALIZATION_CONSUMERS,Pause consumers and retain queue,true
materialization_series_frame_capture_status,P0.6,materialization_queue_worker,Materialization,materialization.series_frame_capture.status,5m,defined SLA,status=failed|ffprobe_missing,Content Ops,ENABLE_FRAME_CAPTURE_ARTWORK,Disable frame capture artwork worker and retain queue,true
materialization_series_frame_capture_candidate_count,P0.6,materialization_queue_worker,Materialization,materialization.series_frame_capture.candidate_count,5m,defined SLA,above baseline,Content Ops,ENABLE_FRAME_CAPTURE_ARTWORK,Disable frame capture artwork worker and retain queue,true
materialization_series_frame_capture_probe_success_count,P0.6,materialization_queue_worker,Materialization,materialization.series_frame_capture.probe_success_count,5m,,below expected baseline,Content Ops,ENABLE_FRAME_CAPTURE_ARTWORK,Disable frame capture artwork worker and retain queue,true
materialization_series_frame_capture_probe_failed_count,P0.6,materialization_queue_worker,Materialization,materialization.series_frame_capture.probe_failed_count,5m,,above threshold,Content Ops,ENABLE_FRAME_CAPTURE_ARTWORK,Disable frame capture artwork worker and retain queue,true
materialization_series_frame_capture_generated_count,P0.6,materialization_queue_worker,Materialization,materialization.series_frame_capture.generated_count,5m,,below expected baseline,Content Ops,ENABLE_FRAME_CAPTURE_ARTWORK,Disable frame capture artwork worker and retain queue,true
materialization_series_frame_capture_unplayable_count,P0.6,materialization_queue_worker,Materialization,materialization.series_frame_capture.unplayable_count,5m,,above threshold,Content Ops,ENABLE_FRAME_CAPTURE_ARTWORK,Disable frame capture artwork worker and retain queue,true
materialization_series_frame_capture_manual_needed_count,P0.6,materialization_queue_worker,Materialization,materialization.series_frame_capture.manual_needed_count,5m,,>0,Content Ops,ENABLE_FRAME_CAPTURE_ARTWORK,Disable frame capture artwork worker and retain queue,true
materialization_series_frame_capture_last_diagnostic,P0.6,materialization_queue_worker,Materialization,materialization.series_frame_capture.last_diagnostic,5m,,severity=warning|error,Content Ops,ENABLE_FRAME_CAPTURE_ARTWORK,Disable frame capture artwork worker and retain queue,true
master_control_inventory_completed,P0.8,master_control_inventory,Master Control Inventory,master_control.inventory.completed,manual,n/a,status=failed,Architecture Ops,ENABLE_MASTER_CONTROL_INVENTORY,Disable inventory worker and retain last generated reports,true
provider_sync_delta_plan_completed,P0.5,provider_sync_delta,Provider Sync,provider.sync.delta.plan,on demand,24h,status=fail,Content Ops,ENABLE_PROVIDER_SYNC_DELTA_PLANNER,Disable planner and continue existing refresh model,true
provider_pull_spine_inspection_completed,P0.5,provider_pull_spine,Provider Sync,provider.pull.spine.inspection,on demand,24h,status=fail,Content Ops,ENABLE_PROVIDER_PULL_SPINE_INSPECTION,Disable read-only provider pull spine inspection,true
provider_account_context_inspection_completed,P0.5,provider_account_context,Provider Sync,provider.account.context.inspection,on demand,24h,status=fail,Content Ops,ENABLE_PROVIDER_ACCOUNT_CONTEXT_INSPECTION,Disable read-only provider account context inspection,true
provider_live_categories_snapshot_completed,P0.5,provider_live_categories_snapshot,Provider Sync,provider.live.categories.snapshot,on demand,24h,status=fail,Content Ops,ENABLE_PROVIDER_LIVE_CATEGORIES_SNAPSHOT,Disable provider live categories snapshot worker,true
provider_vod_categories_snapshot_completed,P0.5,provider_vod_categories_snapshot,Provider Sync,provider.vod.categories.snapshot,on demand,24h,status=fail,Content Ops,ENABLE_PROVIDER_VOD_CATEGORIES_SNAPSHOT,Disable provider VOD categories snapshot worker,true
provider_series_categories_snapshot_completed,P0.5,provider_series_categories_snapshot,Provider Sync,provider.series.categories.snapshot,on demand,24h,status=fail,Content Ops,ENABLE_PROVIDER_SERIES_CATEGORIES_SNAPSHOT,Disable provider Series categories snapshot worker,true
provider_live_streams_snapshot_completed,P0.5,provider_live_streams_snapshot,Provider Sync,provider.live.streams.snapshot,on demand,24h,status=fail,Content Ops,ENABLE_PROVIDER_LIVE_STREAMS_SNAPSHOT,Disable provider live streams snapshot worker,true
provider_vod_streams_snapshot_completed,P0.5,provider_vod_streams_snapshot,Provider Sync,provider.vod.streams.snapshot,on demand,24h,status=fail,Content Ops,ENABLE_PROVIDER_VOD_STREAMS_SNAPSHOT,Disable provider VOD streams snapshot worker,true
provider_series_streams_snapshot_completed,P0.5,provider_series_streams_snapshot,Provider Sync,provider.series.streams.snapshot,on demand,24h,status=fail,Content Ops,ENABLE_PROVIDER_SERIES_STREAMS_SNAPSHOT,Disable provider Series streams snapshot worker,true
provider_snapshot_delta_plan_completed,P0.5,provider_snapshot_delta,Provider Sync,provider.snapshot.delta.plan,on demand,24h,status=fail,Content Ops,ENABLE_PROVIDER_SNAPSHOT_DELTA_PLAN,Disable provider snapshot delta planner,true
provider_snapshot_spine_runner_completed,P0.5,provider_snapshot_spine,Provider Sync,provider.snapshot.spine.runner,on demand,24h,status=fail,Content Ops,ENABLE_PROVIDER_SNAPSHOT_SPINE_RUNNER,Disable provider snapshot spine runner,true
grinder_disposition_contract_completed,P0.5,grinder_disposition_contract,Provider Sync,grinder.disposition.contract,on demand,24h,status=fail,Content Ops,ENABLE_GRINDER_DISPOSITION_CONTRACT_CHECK,Disable grinder disposition contract checker,true
provider_snapshot_import_preview_completed,P0.5,provider_snapshot_import_preview,Provider Sync,provider.snapshot.import.preview,on demand,24h,status=fail,Content Ops,ENABLE_PROVIDER_SNAPSHOT_IMPORT_PREVIEW,Disable provider snapshot import preview,true
provider_snapshot_delta_import_dryrun_completed,P0.5,provider_snapshot_delta_import_dryrun,Provider Sync,provider.snapshot.delta.import.dryrun,on demand,24h,status=fail,Content Ops,ENABLE_PROVIDER_SNAPSHOT_DELTA_IMPORT_DRYRUN,Disable provider snapshot delta import dry-run,true
provider_snapshot_delta_import_dryrun_would_import_count,P0.5,provider_snapshot_delta_import_dryrun,Provider Sync,provider.snapshot.delta.import_dryrun.would_import_count,on demand,24h,>0,Content Ops,ENABLE_PROVIDER_SNAPSHOT_DELTA_IMPORT_DRYRUN,Disable provider snapshot delta import dry-run,true
provider_snapshot_delta_import_dryrun_skip_provider_noise_count,P0.5,provider_snapshot_delta_import_dryrun,Provider Sync,provider.snapshot.delta.import_dryrun.skip_provider_noise_count,on demand,24h,n/a,Content Ops,ENABLE_PROVIDER_SNAPSHOT_DELTA_IMPORT_DRYRUN,Disable provider snapshot delta import dry-run,true
provider_snapshot_delta_import_dryrun_manual_review_count,P0.5,provider_snapshot_delta_import_dryrun,Provider Sync,provider.snapshot.delta.import_dryrun.manual_review_count,on demand,24h,>0,Content Ops,ENABLE_PROVIDER_SNAPSHOT_DELTA_IMPORT_DRYRUN,Disable provider snapshot delta import dry-run,true
provider_snapshot_vod_streams_import_preview_completed,P0.5,provider_snapshot_vod_streams_import_preview,Provider Sync,provider.snapshot.vod_streams.import.preview,on demand,24h,status=fail,Content Ops,ENABLE_PROVIDER_SNAPSHOT_VOD_STREAMS_IMPORT_PREVIEW,Disable VOD streams import preview,true
provider_snapshot_vod_streams_import_preview_planned_count,P0.5,provider_snapshot_vod_streams_import_preview,Provider Sync,provider.snapshot.vod_streams.import_preview.planned_count,on demand,24h,>0,Content Ops,ENABLE_PROVIDER_SNAPSHOT_VOD_STREAMS_IMPORT_PREVIEW,Disable VOD streams import preview,true
provider_snapshot_vod_streams_import_preview_manual_review_count,P0.5,provider_snapshot_vod_streams_import_preview,Provider Sync,provider.snapshot.vod_streams.import_preview.manual_review_count,on demand,24h,>0,Content Ops,ENABLE_PROVIDER_SNAPSHOT_VOD_STREAMS_IMPORT_PREVIEW,Disable VOD streams import preview,true
provider_snapshot_vod_streams_import_row_preview_completed,P0.5,provider_snapshot_vod_streams_import_row_preview,Provider Sync,provider.snapshot.vod_streams.import_row_preview,on demand,24h,status=fail,Content Ops,ENABLE_PROVIDER_SNAPSHOT_VOD_STREAMS_IMPORT_ROW_PREVIEW,Disable VOD streams row preview,true
provider_snapshot_vod_streams_import_row_preview_sampled_count,P0.5,provider_snapshot_vod_streams_import_row_preview,Provider Sync,provider.snapshot.vod_streams.import_row_preview.sampled_count,on demand,24h,n/a,Content Ops,ENABLE_PROVIDER_SNAPSHOT_VOD_STREAMS_IMPORT_ROW_PREVIEW,Disable VOD streams row preview,true
provider_snapshot_vod_streams_import_row_preview_manual_review_count,P0.5,provider_snapshot_vod_streams_import_row_preview,Provider Sync,provider.snapshot.vod_streams.import_row_preview.manual_review_count,on demand,24h,>0,Content Ops,ENABLE_PROVIDER_SNAPSHOT_VOD_STREAMS_IMPORT_ROW_PREVIEW,Disable VOD streams row preview,true
provider_snapshot_vod_streams_import_row_preview_missing_required_count,P0.5,provider_snapshot_vod_streams_import_row_preview,Provider Sync,provider.snapshot.vod_streams.import_row_preview.missing_required_count,on demand,24h,>0,Content Ops,ENABLE_PROVIDER_SNAPSHOT_VOD_STREAMS_IMPORT_ROW_PREVIEW,Disable VOD streams row preview,true
provider_snapshot_import_readiness_summary_completed,P0.5,provider_snapshot_import_readiness,Provider Sync,provider.snapshot.import.readiness,on demand,24h,status=fail,Content Ops,ENABLE_PROVIDER_SNAPSHOT_IMPORT_READINESS_SUMMARY,Disable provider snapshot import readiness summary,true
provider_snapshot_import_readiness_ready_count,P0.5,provider_snapshot_import_readiness,Provider Sync,provider.snapshot.import.readiness.ready_count,on demand,24h,n/a,Content Ops,ENABLE_PROVIDER_SNAPSHOT_IMPORT_READINESS_SUMMARY,Disable provider snapshot import readiness summary,true
provider_snapshot_import_readiness_blocked_count,P0.5,provider_snapshot_import_readiness,Provider Sync,provider.snapshot.import.readiness.blocked_count,on demand,24h,>0,Content Ops,ENABLE_PROVIDER_SNAPSHOT_IMPORT_READINESS_SUMMARY,Disable provider snapshot import readiness summary,true
provider_snapshot_import_readiness_review_count,P0.5,provider_snapshot_import_readiness,Provider Sync,provider.snapshot.import.readiness.review_count,on demand,24h,>0,Content Ops,ENABLE_PROVIDER_SNAPSHOT_IMPORT_READINESS_SUMMARY,Disable provider snapshot import readiness summary,true
provider_snapshot_import_execution_plan_completed,P0.5,provider_snapshot_import_execution_plan,Provider Sync,provider.snapshot.import.execution_plan,on demand,24h,status=fail,Content Ops,ENABLE_PROVIDER_SNAPSHOT_IMPORT_EXECUTION_PLAN,Disable provider snapshot import execution planner,true
provider_snapshot_import_execution_plan_planned_count,P0.5,provider_snapshot_import_execution_plan,Provider Sync,provider.snapshot.import.execution_plan.planned_count,on demand,24h,n/a,Content Ops,ENABLE_PROVIDER_SNAPSHOT_IMPORT_EXECUTION_PLAN,Disable provider snapshot import execution planner,true
provider_snapshot_import_execution_plan_blocked_count,P0.5,provider_snapshot_import_execution_plan,Provider Sync,provider.snapshot.import.execution_plan.blocked_count,on demand,24h,>0,Content Ops,ENABLE_PROVIDER_SNAPSHOT_IMPORT_EXECUTION_PLAN,Disable provider snapshot import execution planner,true
provider_snapshot_import_execution_plan_noop_count,P0.5,provider_snapshot_import_execution_plan,Provider Sync,provider.snapshot.import.execution_plan.noop_count,on demand,24h,n/a,Content Ops,ENABLE_PROVIDER_SNAPSHOT_IMPORT_EXECUTION_PLAN,Disable provider snapshot import execution planner,true
provider_snapshot_import_preflight_gate_completed,P0.5,provider_snapshot_import_preflight_gate,Provider Sync,provider.snapshot.import.preflight_gate,on demand,24h,status=fail,Content Ops,ENABLE_PROVIDER_SNAPSHOT_IMPORT_PREFLIGHT_GATE,Disable provider snapshot import preflight gate,true
provider_snapshot_import_preflight_gate_pass_count,P0.5,provider_snapshot_import_preflight_gate,Provider Sync,provider.snapshot.import.preflight_gate.pass_count,on demand,24h,n/a,Content Ops,ENABLE_PROVIDER_SNAPSHOT_IMPORT_PREFLIGHT_GATE,Disable provider snapshot import preflight gate,true
provider_snapshot_import_preflight_gate_fail_count,P0.5,provider_snapshot_import_preflight_gate,Provider Sync,provider.snapshot.import.preflight_gate.fail_count,on demand,24h,>0,Content Ops,ENABLE_PROVIDER_SNAPSHOT_IMPORT_PREFLIGHT_GATE,Disable provider snapshot import preflight gate,true
provider_snapshot_import_preflight_gate_step_count,P0.5,provider_snapshot_import_preflight_gate,Provider Sync,provider.snapshot.import.preflight_gate.step_count,on demand,24h,n/a,Content Ops,ENABLE_PROVIDER_SNAPSHOT_IMPORT_PREFLIGHT_GATE,Disable provider snapshot import preflight gate,true
provider_snapshot_governed_refresh_gate_completed,P0.5,provider_snapshot_governed_refresh_gate,Provider Sync,provider.snapshot.governed_refresh_gate,on demand,24h,status=fail,Content Ops,ENABLE_PROVIDER_SNAPSHOT_GOVERNED_REFRESH_GATE,Disable provider snapshot governed refresh gate,true
provider_snapshot_governed_refresh_gate_pass_count,P0.5,provider_snapshot_governed_refresh_gate,Provider Sync,provider.snapshot.governed_refresh_gate.pass_count,on demand,24h,n/a,Content Ops,ENABLE_PROVIDER_SNAPSHOT_GOVERNED_REFRESH_GATE,Disable provider snapshot governed refresh gate,true
provider_snapshot_governed_refresh_gate_fail_count,P0.5,provider_snapshot_governed_refresh_gate,Provider Sync,provider.snapshot.governed_refresh_gate.fail_count,on demand,24h,>0,Content Ops,ENABLE_PROVIDER_SNAPSHOT_GOVERNED_REFRESH_GATE,Disable provider snapshot governed refresh gate,true
provider_snapshot_governed_refresh_gate_step_count,P0.5,provider_snapshot_governed_refresh_gate,Provider Sync,provider.snapshot.governed_refresh_gate.step_count,on demand,24h,n/a,Content Ops,ENABLE_PROVIDER_SNAPSHOT_GOVERNED_REFRESH_GATE,Disable provider snapshot governed refresh gate,true
master_control_route_registry_normalized_completed,P0.5,master_control_import_route_registry,Provider Sync,master_control.import_route_registry.normalized,on demand,24h,status=fail,Content Ops,ENABLE_MASTER_CONTROL_ROUTE_REGISTRY_NORMALIZER,Disable master control route registry normalizer,true
master_control_route_registry_route_count,P0.5,master_control_import_route_registry,Provider Sync,master_control.import_route_registry.route_count,on demand,24h,n/a,Content Ops,ENABLE_MASTER_CONTROL_ROUTE_REGISTRY_NORMALIZER,Disable master control route registry normalizer,true
master_control_route_registry_import_route_count,P0.5,master_control_import_route_registry,Provider Sync,master_control.import_route_registry.import_route_count,on demand,24h,n/a,Content Ops,ENABLE_MASTER_CONTROL_ROUTE_REGISTRY_NORMALIZER,Disable master control route registry normalizer,true
master_control_route_registry_review_route_count,P0.5,master_control_import_route_registry,Provider Sync,master_control.import_route_registry.review_route_count,on demand,24h,>0,Content Ops,ENABLE_MASTER_CONTROL_ROUTE_REGISTRY_NORMALIZER,Disable master control route registry normalizer,true
master_control_worker_functions_classified_completed,P0.5,master_control_worker_function_classification,Provider Sync,master_control.worker_functions.classified,on demand,24h,status=fail,Content Ops,ENABLE_MASTER_CONTROL_WORKER_FUNCTION_CLASSIFIER,Disable master control worker function classifier,true
master_control_worker_functions_total_count,P0.5,master_control_worker_function_classification,Provider Sync,master_control.worker_functions.total_count,on demand,24h,n/a,Content Ops,ENABLE_MASTER_CONTROL_WORKER_FUNCTION_CLASSIFIER,Disable master control worker function classifier,true
master_control_worker_functions_review_count,P0.5,master_control_worker_function_classification,Provider Sync,master_control.worker_functions.review_count,on demand,24h,>0,Content Ops,ENABLE_MASTER_CONTROL_WORKER_FUNCTION_CLASSIFIER,Disable master control worker function classifier,true
master_control_worker_functions_canonical_candidate_count,P0.5,master_control_worker_function_classification,Provider Sync,master_control.worker_functions.canonical_candidate_count,on demand,24h,n/a,Content Ops,ENABLE_MASTER_CONTROL_WORKER_FUNCTION_CLASSIFIER,Disable master control worker function classifier,true
deferred_partial_salvage_queue_planned_completed,P0.5,deferred_partial_salvage_queue,Provider Sync,deferred_partial.salvage_queue.planned,on demand,24h,status=fail,Content Ops,ENABLE_DEFERRED_PARTIAL_SALVAGE_QUEUE_PLANNER,Disable deferred partial salvage queue planner,true
deferred_partial_salvage_queue_candidate_count,P0.5,deferred_partial_salvage_queue,Provider Sync,deferred_partial.salvage_queue.candidate_count,on demand,24h,n/a,Content Ops,ENABLE_DEFERRED_PARTIAL_SALVAGE_QUEUE_PLANNER,Disable deferred partial salvage queue planner,true
deferred_partial_salvage_queue_partial_count,P0.5,deferred_partial_salvage_queue,Provider Sync,deferred_partial.salvage_queue.partial_count,on demand,24h,n/a,Content Ops,ENABLE_DEFERRED_PARTIAL_SALVAGE_QUEUE_PLANNER,Disable deferred partial salvage queue planner,true
deferred_partial_salvage_queue_review_count,P0.5,deferred_partial_salvage_queue,Provider Sync,deferred_partial.salvage_queue.review_count,on demand,24h,>0,Content Ops,ENABLE_DEFERRED_PARTIAL_SALVAGE_QUEUE_PLANNER,Disable deferred partial salvage queue planner,true
vod_streams_import_route_apply_contract_planned_completed,P0.5,vod_streams_import_route_apply_contract,Provider Sync,vod_streams.import_route_apply_contract.planned,on demand,24h,status=fail,Content Ops,ENABLE_VOD_STREAMS_IMPORT_ROUTE_APPLY_CONTRACT_PLANNER,Disable VOD streams import route apply contract planner,true
vod_streams_import_route_apply_contract_route_found,P0.5,vod_streams_import_route_apply_contract,Provider Sync,vod_streams.import_route_apply_contract.route_found,on demand,24h,false,Content Ops,ENABLE_VOD_STREAMS_IMPORT_ROUTE_APPLY_CONTRACT_PLANNER,Disable VOD streams import route apply contract planner,true
vod_streams_import_route_apply_contract_readiness_status,P0.5,vod_streams_import_route_apply_contract,Provider Sync,vod_streams.import_route_apply_contract.readiness_status,on demand,24h,blocked|fail,Content Ops,ENABLE_VOD_STREAMS_IMPORT_ROUTE_APPLY_CONTRACT_PLANNER,Disable VOD streams import route apply contract planner,true
vod_streams_import_route_apply_contract_recommended_limit,P0.5,vod_streams_import_route_apply_contract,Provider Sync,vod_streams.import_route_apply_contract.recommended_limit,on demand,24h,0,Content Ops,ENABLE_VOD_STREAMS_IMPORT_ROUTE_APPLY_CONTRACT_PLANNER,Disable VOD streams import route apply contract planner,true
provider_snapshot_import_candidate_selected_completed,P0.5,provider_snapshot_import_candidate_selector,Provider Sync,provider_snapshot.import_candidate.selected,on demand,24h,status=fail,Content Ops,ENABLE_PROVIDER_SNAPSHOT_IMPORT_CANDIDATE_SELECTOR,Disable provider snapshot import candidate selector,true
provider_snapshot_import_candidate_found,P0.5,provider_snapshot_import_candidate_selector,Provider Sync,provider_snapshot.import_candidate.found,on demand,24h,false,Content Ops,ENABLE_PROVIDER_SNAPSHOT_IMPORT_CANDIDATE_SELECTOR,Disable provider snapshot import candidate selector,true
provider_snapshot_import_candidate_lane,P0.5,provider_snapshot_import_candidate_selector,Provider Sync,provider_snapshot.import_candidate.lane,on demand,24h,none,Content Ops,ENABLE_PROVIDER_SNAPSHOT_IMPORT_CANDIDATE_SELECTOR,Disable provider snapshot import candidate selector,true
provider_snapshot_import_candidate_selector_disposition,P0.5,provider_snapshot_import_candidate_selector,Provider Sync,provider_snapshot.import_candidate.selector_disposition,on demand,24h,blocked|fail,Content Ops,ENABLE_PROVIDER_SNAPSHOT_IMPORT_CANDIDATE_SELECTOR,Disable provider snapshot import candidate selector,true
provider_snapshot_import_candidate_simulated_completed,P0.5,provider_snapshot_import_candidate_simulator,Provider Sync,provider_snapshot.import_candidate.simulated,on demand,24h,status=fail,Content Ops,ENABLE_PROVIDER_SNAPSHOT_IMPORT_CANDIDATE_SIMULATOR,Disable provider snapshot import candidate simulator,true
provider_snapshot_import_candidate_simulated_lane,P0.5,provider_snapshot_import_candidate_simulator,Provider Sync,provider_snapshot.import_candidate.simulated_lane,on demand,24h,none,Content Ops,ENABLE_PROVIDER_SNAPSHOT_IMPORT_CANDIDATE_SIMULATOR,Disable provider snapshot import candidate simulator,true
provider_snapshot_import_candidate_simulated_disposition,P0.5,provider_snapshot_import_candidate_simulator,Provider Sync,provider_snapshot.import_candidate.simulated_disposition,on demand,24h,fail,Content Ops,ENABLE_PROVIDER_SNAPSHOT_IMPORT_CANDIDATE_SIMULATOR,Disable provider snapshot import candidate simulator,true
provider_snapshot_import_candidate_simulated_next_worker,P0.5,provider_snapshot_import_candidate_simulator,Provider Sync,provider_snapshot.import_candidate.simulated_next_worker,on demand,24h,none,Content Ops,ENABLE_PROVIDER_SNAPSHOT_IMPORT_CANDIDATE_SIMULATOR,Disable provider snapshot import candidate simulator,true
vod_streams_delta_limited_apply_completed,P0.5,vod_streams_delta_limited_apply,Provider Sync,vod_streams.delta_limited_apply.completed,on demand,24h,status=fail,Content Ops,ENABLE_VOD_STREAMS_DELTA_LIMITED_APPLY,Disable VOD streams limited apply,true
vod_streams_delta_limited_apply_disposition,P0.5,vod_streams_delta_limited_apply,Provider Sync,vod_streams.delta_limited_apply.disposition,on demand,24h,blocked_no_real_candidate|fail,Content Ops,ENABLE_VOD_STREAMS_DELTA_LIMITED_APPLY,Disable VOD streams limited apply,true
vod_streams_delta_limited_apply_would_write_count,P0.5,vod_streams_delta_limited_apply,Provider Sync,vod_streams.delta_limited_apply.would_write_count,on demand,24h,n/a,Content Ops,ENABLE_VOD_STREAMS_DELTA_LIMITED_APPLY,Disable VOD streams limited apply,true
vod_streams_delta_limited_apply_actual_write_count,P0.5,vod_streams_delta_limited_apply,Provider Sync,vod_streams.delta_limited_apply.actual_write_count,on demand,24h,>0 unexpected unless Apply mode approved,Content Ops,ENABLE_VOD_STREAMS_DELTA_LIMITED_APPLY,Disable VOD streams limited apply,true
provider_snapshot_import_decision_gate_completed,P0.5,provider_snapshot_import_decision_gate,Provider Sync,provider_snapshot.import_decision_gate.completed,on demand,24h,status=fail,Content Ops,ENABLE_PROVIDER_SNAPSHOT_IMPORT_DECISION_GATE,Disable provider snapshot import decision gate,true
provider_snapshot_import_decision_gate_disposition,P0.5,provider_snapshot_import_decision_gate,Provider Sync,provider_snapshot.import_decision_gate.disposition,on demand,24h,fail,Content Ops,ENABLE_PROVIDER_SNAPSHOT_IMPORT_DECISION_GATE,Disable provider snapshot import decision gate,true
provider_snapshot_import_decision_gate_selected_lane,P0.5,provider_snapshot_import_decision_gate,Provider Sync,provider_snapshot.import_decision_gate.selected_lane,on demand,24h,none,Content Ops,ENABLE_PROVIDER_SNAPSHOT_IMPORT_DECISION_GATE,Disable provider snapshot import decision gate,true
provider_snapshot_import_decision_gate_db_write_count,P0.5,provider_snapshot_import_decision_gate,Provider Sync,provider_snapshot.import_decision_gate.db_write_count,on demand,24h,>0 unexpected unless Apply mode approved,Content Ops,ENABLE_PROVIDER_SNAPSHOT_IMPORT_DECISION_GATE,Disable provider snapshot import decision gate,true
provider_snapshot_governed_import_runner_completed,P0.5,provider_snapshot_governed_import_runner,Provider Sync,provider_snapshot.governed_import_runner.completed,on demand,24h,status=fail,Content Ops,ENABLE_PROVIDER_SNAPSHOT_GOVERNED_IMPORT_RUNNER,Disable provider snapshot governed import runner,true
provider_snapshot_governed_import_runner_disposition,P0.5,provider_snapshot_governed_import_runner,Provider Sync,provider_snapshot.governed_import_runner.disposition,on demand,24h,fail,Content Ops,ENABLE_PROVIDER_SNAPSHOT_GOVERNED_IMPORT_RUNNER,Disable provider snapshot governed import runner,true
provider_snapshot_governed_import_runner_selected_lane,P0.5,provider_snapshot_governed_import_runner,Provider Sync,provider_snapshot.governed_import_runner.selected_lane,on demand,24h,none,Content Ops,ENABLE_PROVIDER_SNAPSHOT_GOVERNED_IMPORT_RUNNER,Disable provider snapshot governed import runner,true
provider_snapshot_governed_import_runner_db_write_count,P0.5,provider_snapshot_governed_import_runner,Provider Sync,provider_snapshot.governed_import_runner.db_write_count,on demand,24h,>0 unexpected unless Apply mode approved,Content Ops,ENABLE_PROVIDER_SNAPSHOT_GOVERNED_IMPORT_RUNNER,Disable provider snapshot governed import runner,true
vod_streams_apply_mapping_fixture_test_completed,P0.5,vod_streams_apply_mapping_fixture,Provider Sync,vod_streams.apply_mapping_fixture.completed,on demand,24h,status=fail,Content Ops,ENABLE_VOD_STREAMS_APPLY_MAPPING_FIXTURE_TEST,Disable VOD streams apply mapping fixture test,true
vod_streams_apply_mapping_fixture_test_disposition,P0.5,vod_streams_apply_mapping_fixture,Provider Sync,vod_streams.apply_mapping_fixture.disposition,on demand,24h,fail,Content Ops,ENABLE_VOD_STREAMS_APPLY_MAPPING_FIXTURE_TEST,Disable VOD streams apply mapping fixture test,true
vod_streams_apply_mapping_fixture_test_mapped_count,P0.5,vod_streams_apply_mapping_fixture,Provider Sync,vod_streams.apply_mapping_fixture.mapped_count,on demand,24h,n/a,Content Ops,ENABLE_VOD_STREAMS_APPLY_MAPPING_FIXTURE_TEST,Disable VOD streams apply mapping fixture test,true
vod_streams_apply_mapping_fixture_test_rejected_count,P0.5,vod_streams_apply_mapping_fixture,Provider Sync,vod_streams.apply_mapping_fixture.rejected_count,on demand,24h,n/a,Content Ops,ENABLE_VOD_STREAMS_APPLY_MAPPING_FIXTURE_TEST,Disable VOD streams apply mapping fixture test,true
vod_apply_db_target_inventory_completed,P0.5,vod_apply_db_target_inventory,Provider Sync,vod.apply_db_target_inventory.completed,on demand,24h,status=fail,Content Ops,ENABLE_VOD_APPLY_DB_TARGET_INVENTORY,Disable VOD apply DB target inventory,true
vod_apply_db_target_inventory_candidate_count,P0.5,vod_apply_db_target_inventory,Provider Sync,vod.apply_db_target_inventory.candidate_count,on demand,24h,n/a,Content Ops,ENABLE_VOD_APPLY_DB_TARGET_INVENTORY,Disable VOD apply DB target inventory,true
vod_apply_db_target_inventory_high_confidence_count,P0.5,vod_apply_db_target_inventory,Provider Sync,vod.apply_db_target_inventory.high_confidence_count,on demand,24h,0,Content Ops,ENABLE_VOD_APPLY_DB_TARGET_INVENTORY,Disable VOD apply DB target inventory,true
vod_apply_db_target_inventory_review_count,P0.5,vod_apply_db_target_inventory,Provider Sync,vod.apply_db_target_inventory.review_count,on demand,24h,n/a,Content Ops,ENABLE_VOD_APPLY_DB_TARGET_INVENTORY,Disable VOD apply DB target inventory,true
vod_apply_db_target_selector_completed,P0.5,vod_apply_db_target_selector,Provider Sync,vod.apply_db_target_selector.completed,on demand,24h,status=fail,Content Ops,ENABLE_VOD_APPLY_DB_TARGET_SELECTOR,Disable VOD apply DB target selector,true
vod_apply_db_target_selector_selected_type,P0.5,vod_apply_db_target_selector,Provider Sync,vod.apply_db_target_selector.selected_type,on demand,24h,none,Content Ops,ENABLE_VOD_APPLY_DB_TARGET_SELECTOR,Disable VOD apply DB target selector,true
vod_apply_db_target_selector_confidence,P0.5,vod_apply_db_target_selector,Provider Sync,vod.apply_db_target_selector.confidence,on demand,24h,none,Content Ops,ENABLE_VOD_APPLY_DB_TARGET_SELECTOR,Disable VOD apply DB target selector,true
vod_apply_db_target_selector_review_required,P0.5,vod_apply_db_target_selector,Provider Sync,vod.apply_db_target_selector.review_required,on demand,24h,true,Content Ops,ENABLE_VOD_APPLY_DB_TARGET_SELECTOR,Disable VOD apply DB target selector,true
vod_streams_apply_sql_contract_planned_completed,P0.5,vod_streams_apply_sql_contract,Provider Sync,vod_streams.apply_sql_contract.planned,on demand,24h,status=fail,Content Ops,ENABLE_VOD_STREAMS_APPLY_SQL_CONTRACT_PLANNER,Disable VOD streams apply SQL contract planner,true
vod_streams_apply_sql_contract_target_type,P0.5,vod_streams_apply_sql_contract,Provider Sync,vod_streams.apply_sql_contract.target_type,on demand,24h,unknown,Content Ops,ENABLE_VOD_STREAMS_APPLY_SQL_CONTRACT_PLANNER,Disable VOD streams apply SQL contract planner,true
vod_streams_apply_sql_contract_parameter_count,P0.5,vod_streams_apply_sql_contract,Provider Sync,vod_streams.apply_sql_contract.parameter_count,on demand,24h,n/a,Content Ops,ENABLE_VOD_STREAMS_APPLY_SQL_CONTRACT_PLANNER,Disable VOD streams apply SQL contract planner,true
vod_streams_apply_sql_contract_apply_mode,P0.5,vod_streams_apply_sql_contract,Provider Sync,vod_streams.apply_sql_contract.apply_mode,on demand,24h,fail,Content Ops,ENABLE_VOD_STREAMS_APPLY_SQL_CONTRACT_PLANNER,Disable VOD streams apply SQL contract planner,true
vod_streams_sql_parameter_binding_fixture_completed,P0.5,vod_streams_sql_parameter_binding_fixture,Provider Sync,vod_streams.sql_parameter_binding_fixture.completed,on demand,24h,status=fail,Content Ops,ENABLE_VOD_STREAMS_SQL_PARAMETER_BINDING_FIXTURE_TEST,Disable VOD streams SQL parameter binding fixture test,true
vod_streams_sql_parameter_binding_fixture_disposition,P0.5,vod_streams_sql_parameter_binding_fixture,Provider Sync,vod_streams.sql_parameter_binding_fixture.disposition,on demand,24h,fail,Content Ops,ENABLE_VOD_STREAMS_SQL_PARAMETER_BINDING_FIXTURE_TEST,Disable VOD streams SQL parameter binding fixture test,true
vod_streams_sql_parameter_binding_fixture_bindable_count,P0.5,vod_streams_sql_parameter_binding_fixture,Provider Sync,vod_streams.sql_parameter_binding_fixture.bindable_count,on demand,24h,n/a,Content Ops,ENABLE_VOD_STREAMS_SQL_PARAMETER_BINDING_FIXTURE_TEST,Disable VOD streams SQL parameter binding fixture test,true
vod_streams_sql_parameter_binding_fixture_rejected_count,P0.5,vod_streams_sql_parameter_binding_fixture,Provider Sync,vod_streams.sql_parameter_binding_fixture.rejected_count,on demand,24h,n/a,Content Ops,ENABLE_VOD_STREAMS_SQL_PARAMETER_BINDING_FIXTURE_TEST,Disable VOD streams SQL parameter binding fixture test,true
vod_apply_adapter_selection_planned_completed,P0.5,vod_apply_adapter_selection,Provider Sync,vod.apply_adapter_selection.planned,on demand,24h,status=fail,Content Ops,ENABLE_VOD_APPLY_ADAPTER_SELECTION_PLANNER,Disable VOD apply adapter selection planner,true
vod_apply_adapter_selection_selected_adapter,P0.5,vod_apply_adapter_selection,Provider Sync,vod.apply_adapter_selection.selected_adapter,on demand,24h,none,Content Ops,ENABLE_VOD_APPLY_ADAPTER_SELECTION_PLANNER,Disable VOD apply adapter selection planner,true
vod_apply_adapter_selection_readiness,P0.5,vod_apply_adapter_selection,Provider Sync,vod.apply_adapter_selection.readiness,on demand,24h,fail,Content Ops,ENABLE_VOD_APPLY_ADAPTER_SELECTION_PLANNER,Disable VOD apply adapter selection planner,true
vod_apply_adapter_selection_review_required,P0.5,vod_apply_adapter_selection,Provider Sync,vod.apply_adapter_selection.review_required,on demand,24h,true,Content Ops,ENABLE_VOD_APPLY_ADAPTER_SELECTION_PLANNER,Disable VOD apply adapter selection planner,true
vod_apply_db_schema_contract_test_completed,P0.5,vod_apply_db_schema_contract,Provider Sync,vod.apply_db_schema_contract.completed,on demand,24h,status=fail,Content Ops,ENABLE_VOD_APPLY_DB_SCHEMA_CONTRACT_TEST,Disable VOD apply DB schema contract test,true
vod_apply_db_schema_contract_test_disposition,P0.5,vod_apply_db_schema_contract,Provider Sync,vod.apply_db_schema_contract.disposition,on demand,24h,fail,Content Ops,ENABLE_VOD_APPLY_DB_SCHEMA_CONTRACT_TEST,Disable VOD apply DB schema contract test,true
vod_apply_db_schema_contract_required_column_count,P0.5,vod_apply_db_schema_contract,Provider Sync,vod.apply_db_schema_contract.required_column_count,on demand,24h,n/a,Content Ops,ENABLE_VOD_APPLY_DB_SCHEMA_CONTRACT_TEST,Disable VOD apply DB schema contract test,true
vod_apply_db_schema_contract_readiness,P0.5,vod_apply_db_schema_contract,Provider Sync,vod.apply_db_schema_contract.readiness,on demand,24h,fail,Content Ops,ENABLE_VOD_APPLY_DB_SCHEMA_CONTRACT_TEST,Disable VOD apply DB schema contract test,true
powershell_db_connection_path_inventory_completed,P0.5,powershell_db_connection_path_inventory,Provider Sync,powershell.db_connection_path_inventory.completed,on demand,24h,status=fail,Content Ops,ENABLE_POWERSHELL_DB_CONNECTION_PATH_INVENTORY,Disable PowerShell DB connection path inventory,true
powershell_db_connection_path_inventory_candidate_count,P0.5,powershell_db_connection_path_inventory,Provider Sync,powershell.db_connection_path_inventory.candidate_count,on demand,24h,n/a,Content Ops,ENABLE_POWERSHELL_DB_CONNECTION_PATH_INVENTORY,Disable PowerShell DB connection path inventory,true
powershell_db_connection_path_inventory_high_confidence_count,P0.5,powershell_db_connection_path_inventory,Provider Sync,powershell.db_connection_path_inventory.high_confidence_count,on demand,24h,0,Content Ops,ENABLE_POWERSHELL_DB_CONNECTION_PATH_INVENTORY,Disable PowerShell DB connection path inventory,true
powershell_db_connection_path_inventory_selected_hint,P0.5,powershell_db_connection_path_inventory,Provider Sync,powershell.db_connection_path_inventory.selected_hint,on demand,24h,manual_review,Content Ops,ENABLE_POWERSHELL_DB_CONNECTION_PATH_INVENTORY,Disable PowerShell DB connection path inventory,true
vod_powershell_db_adapter_contract_planned_completed,P0.5,vod_powershell_db_adapter_contract,Provider Sync,vod.powershell_db_adapter_contract.planned,on demand,24h,status=fail,Content Ops,ENABLE_VOD_POWERSHELL_DB_ADAPTER_CONTRACT_PLANNER,Disable VOD PowerShell DB adapter contract planner,true
vod_powershell_db_adapter_contract_adapter_name,P0.5,vod_powershell_db_adapter_contract,Provider Sync,vod.powershell_db_adapter_contract.adapter_name,on demand,24h,none,Content Ops,ENABLE_VOD_POWERSHELL_DB_ADAPTER_CONTRACT_PLANNER,Disable VOD PowerShell DB adapter contract planner,true
vod_powershell_db_adapter_contract_readiness,P0.5,vod_powershell_db_adapter_contract,Provider Sync,vod.powershell_db_adapter_contract.readiness,on demand,24h,fail,Content Ops,ENABLE_VOD_POWERSHELL_DB_ADAPTER_CONTRACT_PLANNER,Disable VOD PowerShell DB adapter contract planner,true
vod_powershell_db_adapter_contract_db_write_allowed,P0.5,vod_powershell_db_adapter_contract,Provider Sync,vod.powershell_db_adapter_contract.db_write_allowed,on demand,24h,false,Content Ops,ENABLE_VOD_POWERSHELL_DB_ADAPTER_CONTRACT_PLANNER,Disable VOD PowerShell DB adapter contract planner,true
mira_db_safe_adapter_fixture_test_completed,P0.5,mira_db_safe_adapter_fixture,Provider Sync,mira_db_safe_adapter.fixture.completed,on demand,24h,status=fail,Content Ops,ENABLE_MIRA_DB_SAFE_ADAPTER_FIXTURE_TEST,Disable Mira DB safe adapter fixture test,true
mira_db_safe_adapter_fixture_test_disposition,P0.5,mira_db_safe_adapter_fixture,Provider Sync,mira_db_safe_adapter.fixture.disposition,on demand,24h,fail,Content Ops,ENABLE_MIRA_DB_SAFE_ADAPTER_FIXTURE_TEST,Disable Mira DB safe adapter fixture test,true
mira_db_safe_adapter_fixture_test_pass_count,P0.5,mira_db_safe_adapter_fixture,Provider Sync,mira_db_safe_adapter.fixture.pass_count,on demand,24h,n/a,Content Ops,ENABLE_MIRA_DB_SAFE_ADAPTER_FIXTURE_TEST,Disable Mira DB safe adapter fixture test,true
mira_db_safe_adapter_fixture_test_blocked_count,P0.5,mira_db_safe_adapter_fixture,Provider Sync,mira_db_safe_adapter.fixture.blocked_count,on demand,24h,n/a,Content Ops,ENABLE_MIRA_DB_SAFE_ADAPTER_FIXTURE_TEST,Disable Mira DB safe adapter fixture test,true
vod_apply_safe_adapter_integration_fixture_completed,P0.5,vod_apply_safe_adapter_integration_fixture,Provider Sync,vod_apply.safe_adapter_integration_fixture.completed,on demand,24h,status=fail,Content Ops,ENABLE_VOD_APPLY_SAFE_ADAPTER_INTEGRATION_FIXTURE_TEST,Disable VOD apply safe adapter integration fixture test,true
vod_apply_safe_adapter_integration_fixture_disposition,P0.5,vod_apply_safe_adapter_integration_fixture,Provider Sync,vod_apply.safe_adapter_integration_fixture.disposition,on demand,24h,fail,Content Ops,ENABLE_VOD_APPLY_SAFE_ADAPTER_INTEGRATION_FIXTURE_TEST,Disable VOD apply safe adapter integration fixture test,true
vod_apply_safe_adapter_integration_fixture_dry_run_count,P0.5,vod_apply_safe_adapter_integration_fixture,Provider Sync,vod_apply.safe_adapter_integration_fixture.dry_run_count,on demand,24h,n/a,Content Ops,ENABLE_VOD_APPLY_SAFE_ADAPTER_INTEGRATION_FIXTURE_TEST,Disable VOD apply safe adapter integration fixture test,true
vod_apply_safe_adapter_integration_fixture_rejected_count,P0.5,vod_apply_safe_adapter_integration_fixture,Provider Sync,vod_apply.safe_adapter_integration_fixture.rejected_count,on demand,24h,n/a,Content Ops,ENABLE_VOD_APPLY_SAFE_ADAPTER_INTEGRATION_FIXTURE_TEST,Disable VOD apply safe adapter integration fixture test,true
vod_limited_apply_promotion_readiness_completed,P0.5,vod_limited_apply_promotion_readiness,Provider Sync,vod_limited_apply.promotion_readiness.completed,on demand,24h,status=fail,Content Ops,ENABLE_VOD_LIMITED_APPLY_PROMOTION_READINESS_PLANNER,Disable VOD limited apply promotion readiness planner,true
vod_limited_apply_promotion_readiness_disposition,P0.5,vod_limited_apply_promotion_readiness,Provider Sync,vod_limited_apply.promotion_readiness.disposition,on demand,24h,fail,Content Ops,ENABLE_VOD_LIMITED_APPLY_PROMOTION_READINESS_PLANNER,Disable VOD limited apply promotion readiness planner,true
vod_limited_apply_promotion_readiness_apply_ready,P0.5,vod_limited_apply_promotion_readiness,Provider Sync,vod_limited_apply.promotion_readiness.apply_ready,on demand,24h,false,Content Ops,ENABLE_VOD_LIMITED_APPLY_PROMOTION_READINESS_PLANNER,Disable VOD limited apply promotion readiness planner,true
vod_limited_apply_promotion_readiness_blocker_count,P0.5,vod_limited_apply_promotion_readiness,Provider Sync,vod_limited_apply.promotion_readiness.blocker_count,on demand,24h,>0,Content Ops,ENABLE_VOD_LIMITED_APPLY_PROMOTION_READINESS_PLANNER,Disable VOD limited apply promotion readiness planner,true
vod_schema_validation_execution_gate_planned_completed,P0.5,vod_schema_validation_execution_gate,Provider Sync,vod_schema_validation.execution_gate.planned,on demand,24h,status=fail,Content Ops,ENABLE_VOD_SCHEMA_VALIDATION_EXECUTION_GATE_PLANNER,Disable VOD schema validation execution gate planner,true
vod_schema_validation_execution_gate_disposition,P0.5,vod_schema_validation_execution_gate,Provider Sync,vod_schema_validation.execution_gate.disposition,on demand,24h,fail,Content Ops,ENABLE_VOD_SCHEMA_VALIDATION_EXECUTION_GATE_PLANNER,Disable VOD schema validation execution gate planner,true
vod_schema_validation_execution_gate_db_read_allowed,P0.5,vod_schema_validation_execution_gate,Provider Sync,vod_schema_validation.execution_gate.db_read_allowed,on demand,24h,false,Content Ops,ENABLE_VOD_SCHEMA_VALIDATION_EXECUTION_GATE_PLANNER,Disable VOD schema validation execution gate planner,true
vod_schema_validation_execution_gate_db_write_allowed,P0.5,vod_schema_validation_execution_gate,Provider Sync,vod_schema_validation.execution_gate.db_write_allowed,on demand,24h,false,Content Ops,ENABLE_VOD_SCHEMA_VALIDATION_EXECUTION_GATE_PLANNER,Disable VOD schema validation execution gate planner,true
vod_apply_db_schema_live_read_completed,P0.5,vod_apply_db_schema_live_read,Provider Sync,vod_apply_db_schema.live_read.completed,on demand,24h,status=fail,Content Ops,ENABLE_VOD_APPLY_DB_SCHEMA_LIVE_READ_TEST,Disable VOD apply DB schema live-read test,true
vod_apply_db_schema_live_read_disposition,P0.5,vod_apply_db_schema_live_read,Provider Sync,vod_apply_db_schema.live_read.disposition,on demand,24h,fail,Content Ops,ENABLE_VOD_APPLY_DB_SCHEMA_LIVE_READ_TEST,Disable VOD apply DB schema live-read test,true
vod_apply_db_schema_live_read_db_read_count,P0.5,vod_apply_db_schema_live_read,Provider Sync,vod_apply_db_schema.live_read.db_read_count,on demand,24h,0,Content Ops,ENABLE_VOD_APPLY_DB_SCHEMA_LIVE_READ_TEST,Disable VOD apply DB schema live-read test,true
vod_apply_db_schema_live_read_schema_valid,P0.5,vod_apply_db_schema_live_read,Provider Sync,vod_apply_db_schema.live_read.schema_valid,on demand,24h,false,Content Ops,ENABLE_VOD_APPLY_DB_SCHEMA_LIVE_READ_TEST,Disable VOD apply DB schema live-read test,true
vod_query_wrapper_prerequisites_check_completed,P0.5,vod_query_wrapper_prerequisites,Provider Sync,vod_query_wrapper.prerequisites.completed,on demand,24h,status=fail,Content Ops,ENABLE_VOD_QUERY_WRAPPER_PREREQUISITES_CHECK,Disable VOD query-wrapper prerequisites check,true
vod_query_wrapper_prerequisites_check_disposition,P0.5,vod_query_wrapper_prerequisites,Provider Sync,vod_query_wrapper.prerequisites.disposition,on demand,24h,fail,Content Ops,ENABLE_VOD_QUERY_WRAPPER_PREREQUISITES_CHECK,Disable VOD query-wrapper prerequisites check,true
vod_query_wrapper_prerequisites_query_wrapper_found,P0.5,vod_query_wrapper_prerequisites,Provider Sync,vod_query_wrapper.prerequisites.query_wrapper_found,on demand,24h,false,Content Ops,ENABLE_VOD_QUERY_WRAPPER_PREREQUISITES_CHECK,Disable VOD query-wrapper prerequisites check,true
vod_query_wrapper_prerequisites_dog_opens_found,P0.5,vod_query_wrapper_prerequisites,Provider Sync,vod_query_wrapper.prerequisites.dog_opens_found,on demand,24h,false,Content Ops,ENABLE_VOD_QUERY_WRAPPER_PREREQUISITES_CHECK,Disable VOD query-wrapper prerequisites check,true
vod_schema_validation_query_wrapper_gate_planned_completed,P0.5,vod_schema_validation_query_wrapper_gate,Provider Sync,vod_schema_validation.query_wrapper_gate.planned,on demand,24h,status=fail,Content Ops,ENABLE_VOD_SCHEMA_VALIDATION_QUERY_WRAPPER_GATE_PLANNER,Disable VOD schema validation query-wrapper gate planner,true
vod_schema_validation_query_wrapper_gate_disposition,P0.5,vod_schema_validation_query_wrapper_gate,Provider Sync,vod_schema_validation.query_wrapper_gate.disposition,on demand,24h,fail,Content Ops,ENABLE_VOD_SCHEMA_VALIDATION_QUERY_WRAPPER_GATE_PLANNER,Disable VOD schema validation query-wrapper gate planner,true
vod_schema_validation_query_wrapper_gate_canonical_route,P0.5,vod_schema_validation_query_wrapper_gate,Provider Sync,vod_schema_validation.query_wrapper_gate.canonical_route,on demand,24h,manual_review,Content Ops,ENABLE_VOD_SCHEMA_VALIDATION_QUERY_WRAPPER_GATE_PLANNER,Disable VOD schema validation query-wrapper gate planner,true
vod_schema_validation_query_wrapper_gate_db_write_allowed,P0.5,vod_schema_validation_query_wrapper_gate,Provider Sync,vod_schema_validation.query_wrapper_gate.db_write_allowed,on demand,24h,false,Content Ops,ENABLE_VOD_SCHEMA_VALIDATION_QUERY_WRAPPER_GATE_PLANNER,Disable VOD schema validation query-wrapper gate planner,true
query_wrapper_invocation_shape_inspected_completed,P0.5,query_wrapper_invocation_shape,Provider Sync,query_wrapper.invocation_shape.completed,on demand,24h,status=fail,Content Ops,ENABLE_QUERY_WRAPPER_INVOCATION_SHAPE_INSPECTOR,Disable query wrapper invocation shape inspector,true
query_wrapper_invocation_shape_inspected_disposition,P0.5,query_wrapper_invocation_shape,Provider Sync,query_wrapper.invocation_shape.disposition,on demand,24h,fail,Content Ops,ENABLE_QUERY_WRAPPER_INVOCATION_SHAPE_INSPECTOR,Disable query wrapper invocation shape inspector,true
query_wrapper_invocation_shape_query_ps1_count,P0.5,query_wrapper_invocation_shape,Provider Sync,query_wrapper.invocation_shape.query_ps1_count,on demand,24h,0,Content Ops,ENABLE_QUERY_WRAPPER_INVOCATION_SHAPE_INSPECTOR,Disable query wrapper invocation shape inspector,true
query_wrapper_invocation_shape_pattern_count,P0.5,query_wrapper_invocation_shape,Provider Sync,query_wrapper.invocation_shape.pattern_count,on demand,24h,0,Content Ops,ENABLE_QUERY_WRAPPER_INVOCATION_SHAPE_INSPECTOR,Disable query wrapper invocation shape inspector,true
query_wrapper_canonical_source_resolved_completed,P0.5,query_wrapper_canonical_source,Provider Sync,query_wrapper.canonical_source.resolved,on demand,24h,status=fail,Content Ops,ENABLE_QUERY_WRAPPER_CANONICAL_SOURCE_RESOLVER,Disable query wrapper canonical source resolver,true
query_wrapper_canonical_source_resolved_disposition,P0.5,query_wrapper_canonical_source,Provider Sync,query_wrapper.canonical_source.disposition,on demand,24h,fail,Content Ops,ENABLE_QUERY_WRAPPER_CANONICAL_SOURCE_RESOLVER,Disable query wrapper canonical source resolver,true
query_wrapper_canonical_source_query_ps1_found,P0.5,query_wrapper_canonical_source,Provider Sync,query_wrapper.canonical_source.query_ps1_found,on demand,24h,false,Content Ops,ENABLE_QUERY_WRAPPER_CANONICAL_SOURCE_RESOLVER,Disable query wrapper canonical source resolver,true
query_wrapper_canonical_source_selected_hint,P0.5,query_wrapper_canonical_source,Provider Sync,query_wrapper.canonical_source.selected_hint,on demand,24h,manual_review,Content Ops,ENABLE_QUERY_WRAPPER_CANONICAL_SOURCE_RESOLVER,Disable query wrapper canonical source resolver,true
provider_snapshot_data_reality_audit_completed,P0.5,provider_snapshot_data_reality,Provider Sync,provider_snapshot.data_reality.completed,on demand,24h,status=fail,Content Ops,ENABLE_PROVIDER_SNAPSHOT_DATA_REALITY_AUDIT,Disable provider snapshot data reality audit,true
provider_snapshot_data_reality_audit_disposition,P0.5,provider_snapshot_data_reality,Provider Sync,provider_snapshot.data_reality.disposition,on demand,24h,fail,Content Ops,ENABLE_PROVIDER_SNAPSHOT_DATA_REALITY_AUDIT,Disable provider snapshot data reality audit,true
provider_snapshot_data_reality_snapshot_count,P0.5,provider_snapshot_data_reality,Provider Sync,provider_snapshot.data_reality.snapshot_count,on demand,24h,0,Content Ops,ENABLE_PROVIDER_SNAPSHOT_DATA_REALITY_AUDIT,Disable provider snapshot data reality audit,true
provider_snapshot_data_reality_planned_import_count,P0.5,provider_snapshot_data_reality,Provider Sync,provider_snapshot.data_reality.planned_import_count,on demand,24h,0,Content Ops,ENABLE_PROVIDER_SNAPSHOT_DATA_REALITY_AUDIT,Disable provider snapshot data reality audit,true
vod_delta_preview_disposition_audit_completed,P0.5,vod_delta_preview_dispositions,Provider Sync,vod_delta_preview.disposition_audit.completed,on demand,24h,status=fail,Content Ops,ENABLE_VOD_DELTA_PREVIEW_DISPOSITION_AUDIT,Disable VOD delta preview disposition audit,true
vod_delta_preview_disposition_audit_disposition,P0.5,vod_delta_preview_dispositions,Provider Sync,vod_delta_preview.disposition_audit.disposition,on demand,24h,fail,Content Ops,ENABLE_VOD_DELTA_PREVIEW_DISPOSITION_AUDIT,Disable VOD delta preview disposition audit,true
vod_delta_preview_disposition_audit_planned_import_count,P0.5,vod_delta_preview_dispositions,Provider Sync,vod_delta_preview.disposition_audit.planned_import_count,on demand,24h,0,Content Ops,ENABLE_VOD_DELTA_PREVIEW_DISPOSITION_AUDIT,Disable VOD delta preview disposition audit,true
vod_delta_preview_disposition_audit_provider_noise_count,P0.5,vod_delta_preview_dispositions,Provider Sync,vod_delta_preview.disposition_audit.provider_noise_count,on demand,24h,0,Content Ops,ENABLE_VOD_DELTA_PREVIEW_DISPOSITION_AUDIT,Disable VOD delta preview disposition audit,true
